Name,Link
"Baagöe, Carl Emil",https://web.archive.org/web/20161022120719/http://www.nga.gov/cgi-bin/tsearch?artistid=38916
"Baak, Jehsong",https://web.archive.org/web/20161022120719/http://www.nga.gov/cgi-bin/tsearch?artistid=41463
"Babbitt, Platt D.",https://web.archive.org/web/20161022120719/http://www.nga.gov/cgi-bin/tsearch?artistid=32727
"Babcock, William Perkins",https://web.archive.org/web/20161022120719/http://www.nga.gov/cgi-bin/tsearch?artistid=28284
"Babel, Pierre-Edme",https://web.archive.org/web/20161022120719/http://www.nga.gov/cgi-bin/tsearch?artistid=12023
"Baburen, Dirck van",https://web.archive.org/web/20161022120719/http://www.nga.gov/cgi-bin/tsearch?artistid=22774
"Bac, Ferdinand",https://web.archive.org/web/20161022120719/http://www.nga.gov/cgi-bin/tsearch?artistid=19361
Bacchiacca,https://web.archive.org/web/20161022120719/http://www.nga.gov/cgi-bin/tsearch?artistid=131
"Bach, Ferdinand Sigismond",https://web.archive.org/web/20161022120719/http://www.nga.gov/cgi-bin/tsearch?artistid=19361
"Bach, Julie",https://web.archive.org/web/20161022120719/http://www.nga.gov/cgi-bin/tsearch?artistid=25979
"Bacharach, Herman Ilfeld",https://web.archive.org/web/20161022120719/http://www.nga.gov/cgi-bin/tsearch?artistid=34211
"Bache, Benjamin Franklin",https://web.archive.org/web/20161022120719/http://www.nga.gov/cgi-bin/tsearch?artistid=40202
"Bachelard, Gaston",https://web.archive.org/web/20161022120719/http://www.nga.gov/cgi-bin/tsearch?artistid=28722
"Bacher, Frank K.",https://web.archive.org/web/20161022120719/http://www.nga.gov/cgi-bin/tsearch?artistid=21905
"Bacher, Otto Henry",https://web.archive.org/web/20161022120719/http://www.nga.gov/cgi-bin/tsearch?artistid=6440
Bachiacca,https://web.archive.org/web/20161022120719/http://www.nga.gov/cgi-bin/tsearch?artistid=131
Baciccia,https://web.archive.org/web/20161022120719/http://www.nga.gov/cgi-bin/tsearch?artistid=5671
Baciccio,https://web.archive.org/web/20161022120719/http://www.nga.gov/cgi-bin/tsearch?artistid=5671
"Backhuysen, Ludolf",https://web.archive.org/web/20161022120719/http://www.nga.gov/cgi-bin/tsearch?artistid=5957
"Bacler d'Albe, Louis-Albert-Guillain Baron",https://web.archive.org/web/20161022120719/http://www.nga.gov/cgi-bin/tsearch?artistid=2951
"Bacon, Francis",https://web.archive.org/web/20161022120719/http://www.nga.gov/cgi-bin/tsearch?artistid=132
"Bacon, Henry",https://web.archive.org/web/20161022120719/http://www.nga.gov/cgi-bin/tsearch?artistid=39466
"Bacon, Peggy",https://web.archive.org/web/20161022120719/http://www.nga.gov/cgi-bin/tsearch?artistid=2952
"Badalocchio, Sisto",https://web.archive.org/web/20161022120719/http://www.nga.gov/cgi-bin/tsearch?artistid=22775
"Baden, Aiko",https://web.archive.org/web/20161022120719/http://www.nga.gov/cgi-bin/tsearch?artistid=19608
"Baden, Ken",https://web.archive.org/web/20161022120719/http://www.nga.gov/cgi-bin/tsearch?artistid=19607
"Baden, Stanley",https://web.archive.org/web/20161022120719/http://www.nga.gov/cgi-bin/tsearch?artistid=25703
"Bader, Herman",https://web.archive.org/web/20161022120719/http://www.nga.gov/cgi-bin/tsearch?artistid=7222
"Badger, Frances S.",https://web.archive.org/web/20161022120719/http://www.nga.gov/cgi-bin/tsearch?artistid=33143
